video_id,date,p_fragmentation_next,fragmentation_next,p_rebound_next,rebound_next,p_entrenchment_next,entrenchment_next
2kfGs7S1e0U,2025-09-24 00:00:00+00:00,0.2807303627962052,0,0.007261307266339576,0,0.5526188144397475,0
2kfGs7S1e0U,2025-09-25 00:00:00+00:00,0.27687721646267666,0,1.0040441943214789e-07,0,0.05143579657328053,0
2kfGs7S1e0U,2025-09-26 00:00:00+00:00,0.7551193153096987,0,0.00035339098743582725,0,0.06325598243019676,0
2kfGs7S1e0U,2025-09-27 00:00:00+00:00,0.748280834742354,0,0.00012135871520954889,0,0.055874492999653615,0
2kfGs7S1e0U,2025-09-28 00:00:00+00:00,0.6317429061899529,0,0.0015964428894718898,0,0.062300058176568154,0
2kfGs7S1e0U,2025-09-29 00:00:00+00:00,0.586347478697827,0,0.011953015667122528,0,0.08315831328279383,0
2kfGs7S1e0U,2025-09-30 00:00:00+00:00,0.5660637570336408,1,0.019260601146678095,0,0.08999188450086047,1
2kfGs7S1e0U,2025-10-01 00:00:00+00:00,0.5770583346092443,0,0.05353532256147756,0,0.11512035825535342,0
2kfGs7S1e0U,2025-10-02 00:00:00+00:00,0.37437091537982997,0,0.008620736309926364,0,0.10806520395229263,0
2kfGs7S1e0U,2025-10-03 00:00:00+00:00,0.3031075624229725,0,0.021667303603705813,0,0.10051151761111433,1
2kfGs7S1e0U,2025-10-04 00:00:00+00:00,0.19073903941618858,0,0.02551785041862431,0,0.1358378699133748,1
2kfGs7S1e0U,2025-10-05 00:00:00+00:00,0.14405881475586702,0,0.021780930156850724,0,0.13512254669949253,1
2kfGs7S1e0U,2025-10-06 00:00:00+00:00,0.274208492443456,0,0.3772773875732835,0,0.719794624022911,1
2kfGs7S1e0U,2025-10-07 00:00:00+00:00,0.28504752613192047,0,0.39878511113311355,0,0.7220661333058123,1
2kfGs7S1e0U,2025-10-08 00:00:00+00:00,0.32139442199364193,0,0.16834389260599827,0,0.6654675032536725,0
2kfGs7S1e0U,2025-10-09 00:00:00+00:00,0.3084724130102461,0,0.08599786816895162,0,0.6282921220149726,1
2kfGs7S1e0U,2025-10-10 00:00:00+00:00,0.27851613006656123,0,0.13936255953965623,0,0.6551755568685175,1
2kfGs7S1e0U,2025-10-11 00:00:00+00:00,0.29447833248249194,0,0.06542187124383511,0,0.608683599498147,1
2kfGs7S1e0U,2025-10-12 00:00:00+00:00,0.22808997536381395,0,0.4018814192704049,0,0.7253705251456686,1
2kfGs7S1e0U,2025-10-13 00:00:00+00:00,0.22808997536381395,0,0.4018814192704049,0,0.7253705251456686,1
2kfGs7S1e0U,2025-10-14 00:00:00+00:00,0.22808997536381395,0,0.4018814192704049,0,0.7253705251456686,1
2kfGs7S1e0U,2025-10-15 00:00:00+00:00,0.23429383120719655,0,0.3697752412153018,0,0.7207947876679663,0
2kfGs7S1e0U,2025-10-16 00:00:00+00:00,0.41061546358068435,0,0.0002555673256153989,0,0.16062268932456109,1
2kfGs7S1e0U,2025-10-17 00:00:00+00:00,0.43280254332453527,0,0.1561562528869561,0,0.6504018918071518,1
2kfGs7S1e0U,2025-10-18 00:00:00+00:00,0.38870421764197405,0,0.46295961128661844,0,0.7257808927139091,1
2kfGs7S1e0U,2025-10-19 00:00:00+00:00,0.38754488998083686,0,0.47176075485274205,0,0.7269582687402512,1
2kfGs7S1e0U,2025-10-20 00:00:00+00:00,0.38696364344817386,0,0.4761755432423508,0,0.7275515763315265,1
2kfGs7S1e0U,2025-10-21 00:00:00+00:00,0.3863813601509586,0,0.48059886706399624,0,0.7281479036109574,1
2kfGs7S1e0U,2025-10-22 00:00:00+00:00,0.38754488998083686,0,0.47176075485274205,0,0.7269582687402512,1
2kfGs7S1e0U,2025-10-23 00:00:00+00:00,0.20550775294130794,0,0.4003599085277671,0,0.7264804927548388,1
2kfGs7S1e0U,2025-10-24 00:00:00+00:00,0.18152417515313737,0,0.39281744328237816,0,0.7269936544454421,1
2kfGs7S1e0U,2025-10-25 00:00:00+00:00,0.18334224952712913,0,0.3719581667101822,0,0.724054477033399,1
2kfGs7S1e0U,2025-10-26 00:00:00+00:00,0.18479080015677246,0,0.3556855478678995,0,0.7217612849390233,1
2kfGs7S1e0U,2025-10-27 00:00:00+00:00,0.18152417515313737,0,0.39281744328237816,0,0.7269936544454421,1
2kfGs7S1e0U,2025-10-28 00:00:00+00:00,0.38024263790975926,0,0.009312149184992324,0,0.5407544163193858,1
2kfGs7S1e0U,2025-10-29 00:00:00+00:00,0.26833455336718465,0,0.4233779657817507,0,0.726075076685403,1
2kfGs7S1e0U,2025-10-30 00:00:00+00:00,0.2711986249677201,0,0.39780158599045595,0,0.7225981403045699,1
2kfGs7S1e0U,2025-10-31 00:00:00+00:00,0.2664130213086573,0,0.4407658763290188,0,0.7284558505401634,1
2kfGs7S1e0U,2025-11-01 00:00:00+00:00,0.26689425937398364,0,0.43639643460940714,0,0.7278561459004179,1
2kfGs7S1e0U,2025-11-02 00:00:00+00:00,0.26689425937398364,1,0.43639643460940714,0,0.7278561459004179,1
2kfGs7S1e0U,2025-11-04 00:00:00+00:00,0.9333280955877573,1,5.001742868124918e-08,0,0.2790500412974704,1
2kfGs7S1e0U,2025-11-05 00:00:00+00:00,0.7060926408859465,1,0.5795044146070897,0,0.7276698314109322,1
2kfGs7S1e0U,2025-11-06 00:00:00+00:00,0.7050737396415341,1,0.5881137349489272,0,0.7288575223647219,1
2kfGs7S1e0U,2025-11-08 00:00:00+00:00,0.7045617391198383,1,0.5924055468629711,0,0.7294558405574145,1
2kfGs7S1e0U,2025-11-10 00:00:00+00:00,0.7050737396415341,1,0.5881137349489272,0,0.7288575223647219,1
2kfGs7S1e0U,2025-11-11 00:00:00+00:00,0.7050737396415341,1,0.5881137349489272,0,0.7288575223647219,1
2kfGs7S1e0U,2025-11-12 00:00:00+00:00,0.7045617391198383,0,0.5924055468629711,1,0.7294558405574145,1
2kfGs7S1e0U,2025-11-13 00:00:00+00:00,0.18115967365294824,0,0.3970533695582803,0,0.7275907456612847,1
2kfGs7S1e0U,2025-11-14 00:00:00+00:00,0.18079490013422134,0,0.40130937755565194,0,0.7281908167421501,1
2kfGs7S1e0U,2025-11-15 00:00:00+00:00,0.18115967365294824,0,0.3970533695582803,0,0.7275907456612847,1
2kfGs7S1e0U,2025-11-17 00:00:00+00:00,0.18079490013422134,0,0.40130937755565194,0,0.7281908167421501,1
2kfGs7S1e0U,2025-11-19 00:00:00+00:00,0.6716717455576728,0,7.304090395660266e-05,0,0.43130916463192176,1
2kfGs7S1e0U,2025-11-20 00:00:00+00:00,0.42441333303361056,1,0.4934228540987572,0,0.7282319333060944,1
2kfGs7S1e0U,2025-11-21 00:00:00+00:00,0.9984080129094478,1,8.491722414257482e-14,0,0.09950331651139377,1
2kfGs7S1e0U,2025-11-22 00:00:00+00:00,0.9610087807202471,1,0.753025799992833,0,0.7300956779513286,1
2kfGs7S1e0U,2025-11-23 00:00:00+00:00,0.9609164618770917,1,0.7563112616965009,0,0.73069227348308,1
2kfGs7S1e0U,2025-11-25 00:00:00+00:00,0.979226125111293,1,0.0034881582025525783,0,0.49278716537816697,1
2kfGs7S1e0U,2025-11-26 00:00:00+00:00,0.9571791977478927,1,0.743554905116973,0,0.7294488939996747,1
2kfGs7S1e0U,2025-11-27 00:00:00+00:00,0.9610284813774077,1,0.7282498911309675,0,0.7259958774694101,1
2kfGs7S1e0U,2025-11-28 00:00:00+00:00,0.9610284813774077,0,0.7282498911309675,0,0.7259958774694101,1
2kfGs7S1e0U,2025-11-29 00:00:00+00:00,0.3347048201826867,0,0.4440862211036722,0,0.7256555151041503,1
2kfGs7S1e0U,2025-11-30 00:00:00+00:00,0.3319831279910395,0,0.46603766415365894,0,0.7286226764485498,1
2kfGs7S1e0U,2025-12-02 00:00:00+00:00,0.33307429888194495,0,0.4572220774607475,0,0.7274267042610333,1
2kfGs7S1e0U,2025-12-03 00:00:00+00:00,0.671671745557673,0,7.304090395660266e-05,0,0.43130916463192176,1
2kfGs7S1e0U,2025-12-05 00:00:00+00:00,0.4238122670472934,0,0.49785890094266055,0,0.728831118363423,1
2kfGs7S1e0U,2025-12-10 00:00:00+00:00,0.42441333303361056,0,0.4934228540987572,0,0.7282319333060944,1
2kfGs7S1e0U,2025-12-11 00:00:00+00:00,0.4238122670472934,0,0.49785890094266055,0,0.728831118363423,1
2kfGs7S1e0U,2025-12-13 00:00:00+00:00,0.4238122670472934,0,0.49785890094266055,0,0.728831118363423,1
2kfGs7S1e0U,2025-12-14 00:00:00+00:00,0.42441333303361056,0,0.4934228540987572,0,0.7282319333060944,1
2kfGs7S1e0U,2025-12-15 00:00:00+00:00,0.42441333303361056,0,0.4934228540987572,1,0.7282319333060944,1
2kfGs7S1e0U,2025-12-17 00:00:00+00:00,0.18079490013422134,0,0.40130937755565194,0,0.7281908167421501,1
2kfGs7S1e0U,2025-12-18 00:00:00+00:00,0.18079490013422134,0,0.40130937755565194,0,0.7281908167421501,1
2kfGs7S1e0U,2025-12-19 00:00:00+00:00,0.18188839446933122,0,0.3886021596017176,0,0.7263995887753646,1
2kfGs7S1e0U,2025-12-20 00:00:00+00:00,0.18188839446933122,0,0.3886021596017176,0,0.7263995887753646,1
2kfGs7S1e0U,2025-12-21 00:00:00+00:00,0.18115967365294824,0,0.3970533695582803,0,0.7275907456612847,1
2kfGs7S1e0U,2025-12-22 00:00:00+00:00,0.18115967365294824,1,0.3970533695582803,0,0.7275907456612847,1
2kfGs7S1e0U,2025-12-23 00:00:00+00:00,0.934779052979451,1,5.040202319648799e-08,0,0.27906278609959306,1
2kfGs7S1e0U,2025-12-24 00:00:00+00:00,0.7055840422867121,1,0.5838131263286248,0,0.7282621707771775,1
2kfGs7S1e0U,2025-12-25 00:00:00+00:00,0.7050737396415341,1,0.5881137349489272,0,0.7288575223647219,1
2kfGs7S1e0U,2025-12-26 00:00:00+00:00,0.7060926408859465,0,0.5795044146070897,0,0.7276698314109322,0
HVmbMWUhEaw,2025-08-15 00:00:00+00:00,0.17568521353269959,0,9.080159276754584e-06,0,0.05697968541182331,0
HVmbMWUhEaw,2025-08-16 00:00:00+00:00,0.16416993805098673,0,2.6742195796024223e-06,0,0.05053340078371771,0
HVmbMWUhEaw,2025-08-17 00:00:00+00:00,0.49559519787406225,0,0.0008055526207062483,0,0.05458966267809797,0
HVmbMWUhEaw,2025-08-18 00:00:00+00:00,0.5949343417534008,0,0.007607952533573172,0,0.09765625245408499,0
HVmbMWUhEaw,2025-08-19 00:00:00+00:00,0.596772056702822,0,0.0032245296816756936,0,0.08080021363114145,0
HVmbMWUhEaw,2025-08-20 00:00:00+00:00,0.593125259916267,1,0.002785228735214388,0,0.0807795720995777,1
HVmbMWUhEaw,2025-08-21 00:00:00+00:00,0.778769437530921,1,0.22374431331304223,0,0.6482437856270089,1
HVmbMWUhEaw,2025-08-22 00:00:00+00:00,0.694370027890298,0,0.2405172115563901,0,0.66213012397881,1
HVmbMWUhEaw,2025-08-23 00:00:00+00:00,0.3294611885545869,0,0.02913995304115352,0,0.20651376230261378,0
HVmbMWUhEaw,2025-08-24 00:00:00+00:00,0.7020369015139302,1,0.00040614227256186204,0,0.5682419151773754,1
HVmbMWUhEaw,2025-08-25 00:00:00+00:00,0.37283637854923457,0,0.007350424475438353,0,0.18769829945797076,1
HVmbMWUhEaw,2025-08-26 00:00:00+00:00,0.49488799807992456,1,0.07089616225163187,0,0.6000821265644506,1
HVmbMWUhEaw,2025-08-27 00:00:00+00:00,0.3952949776931631,1,0.00024337427429463546,0,0.09379713049310623,1
HVmbMWUhEaw,2025-08-28 00:00:00+00:00,0.4605109916222375,1,0.5006921387612213,0,0.7277124297005771,1
HVmbMWUhEaw,2025-08-29 00:00:00+00:00,0.3891528957214919,1,0.005295326690159779,0,0.18312067738754417,1
HVmbMWUhEaw,2025-08-30 00:00:00+00:00,0.3368723186738832,0,0.0013529172795188728,0,0.09209297572290545,0
HVmbMWUhEaw,2025-08-31 00:00:00+00:00,0.31721743159264276,0,0.007666952591968362,0,0.21842883896347107,1
HVmbMWUhEaw,2025-09-01 00:00:00+00:00,0.39374693452837295,0,0.43736658821161944,0,0.7223294132186571,0
HVmbMWUhEaw,2025-09-02 00:00:00+00:00,0.3715603734645879,0,0.0003596750358578532,0,0.11084970733198488,1
HVmbMWUhEaw,2025-09-03 00:00:00+00:00,0.3099459736396388,0,0.009270154002355748,0,0.19158701982431747,1
HVmbMWUhEaw,2025-09-04 00:00:00+00:00,0.31518427174877167,0,0.0014867530280379595,0,0.16977502411742643,1
HVmbMWUhEaw,2025-09-05 00:00:00+00:00,0.4181201051446443,0,0.12153367508183978,0,0.6352220426726628,1
HVmbMWUhEaw,2025-09-06 00:00:00+00:00,0.378003910733962,0,0.4501634969374451,0,0.7245892304432091,1
HVmbMWUhEaw,2025-09-07 00:00:00+00:00,0.5805599612047582,0,0.0011102245929637325,0,0.4904159211010936,1
HVmbMWUhEaw,2025-09-08 00:00:00+00:00,0.39568370433800154,0,0.4837706060269306,0,0.7281686993759705,1
HVmbMWUhEaw,2025-09-09 00:00:00+00:00,0.4764842835300324,0,0.010572843610917839,0,0.5410177944736696,1
HVmbMWUhEaw,2025-09-10 00:00:00+00:00,0.36707685537914947,0,0.45552929882793536,0,0.7257316411113197,1
HVmbMWUhEaw,2025-09-11 00:00:00+00:00,0.34363996399019386,0,0.46103326045062987,0,0.7274518703760852,1
HVmbMWUhEaw,2025-09-12 00:00:00+00:00,0.3495562995434277,0,0.45396203194053325,0,0.7262794007748112,1
HVmbMWUhEaw,2025-09-13 00:00:00+00:00,0.34732924575556984,0,0.47157876111813035,0,0.7286590624313442,1
HVmbMWUhEaw,2025-09-14 00:00:00+00:00,0.2688134690096632,0,0.41907056085536354,0,0.7254875523809953,1
HVmbMWUhEaw,2025-09-15 00:00:00+00:00,0.3590895898105724,0,0.03669014540656987,0,0.5785598777657257,1
HVmbMWUhEaw,2025-09-16 00:00:00+00:00,0.23469790926273223,0,0.41372042971182066,0,0.7265714591759371,1
HVmbMWUhEaw,2025-09-17 00:00:00+00:00,0.23469790926273223,0,0.41372042971182066,0,0.7265714591759371,0
HVmbMWUhEaw,2025-09-18 00:00:00+00:00,0.8960554718912163,1,7.746433472663978e-06,0,0.5514689113502015,1
HVmbMWUhEaw,2025-09-19 00:00:00+00:00,0.7212015788600517,1,0.027206400160458062,0,0.5561334704019242,1
HVmbMWUhEaw,2025-09-20 00:00:00+00:00,0.7237824808304889,0,0.014847101258907772,0,0.54172385473892,0
HVmbMWUhEaw,2025-09-21 00:00:00+00:00,0.758941309294248,1,0.0031577696918508097,0,0.5493163934145269,1
HVmbMWUhEaw,2025-09-22 00:00:00+00:00,0.7268032625040404,1,0.006031994938496217,0,0.5220235104662171,1
HVmbMWUhEaw,2025-09-23 00:00:00+00:00,0.5915152665599337,1,0.5481382951292098,0,0.72859099495722,1
HVmbMWUhEaw,2025-09-24 00:00:00+00:00,0.6789784220145738,0,0.013861927046138353,0,0.5415808303912348,1
HVmbMWUhEaw,2025-09-25 00:00:00+00:00,0.3442701200341819,0,0.4612589086512812,0,0.7274533593650118,1
HVmbMWUhEaw,2025-09-26 00:00:00+00:00,0.36680437374386937,0,0.46001693832442553,0,0.726319516282591,1
HVmbMWUhEaw,2025-09-27 00:00:00+00:00,0.37449452204502576,0,0.4626809488416772,0,0.7263371395000564,1
HVmbMWUhEaw,2025-09-28 00:00:00+00:00,0.31352437413289364,0,0.4546078428159316,0,0.7279769136445345,1
HVmbMWUhEaw,2025-09-29 00:00:00+00:00,0.26737493592816575,0,0.4320415365882618,0,0.7272594183494229,1
HVmbMWUhEaw,2025-09-30 00:00:00+00:00,0.26737493592816575,0,0.4320415365882618,0,0.7272594183494229,1
HVmbMWUhEaw,2025-10-03 00:00:00+00:00,0.18152417515313737,0,0.39281744328237816,0,0.7269936544454421,1
HVmbMWUhEaw,2025-10-04 00:00:00+00:00,0.18188839446933122,0,0.3886021596017176,0,0.7263995887753646,1
HVmbMWUhEaw,2025-10-05 00:00:00+00:00,0.18152417515313737,0,0.39281744328237816,0,0.7269936544454421,1
HVmbMWUhEaw,2025-10-06 00:00:00+00:00,0.18079490013422134,0,0.40130937755565194,0,0.7281908167421501,1
HVmbMWUhEaw,2025-10-07 00:00:00+00:00,0.18115967365294824,0,0.3970533695582803,0,0.7275907456612847,1
HVmbMWUhEaw,2025-10-08 00:00:00+00:00,0.18115967365294824,0,0.3970533695582803,0,0.7275907456612847,1
HVmbMWUhEaw,2025-10-10 00:00:00+00:00,0.18079490013422134,0,0.40130937755565194,0,0.7281908167421501,1
HVmbMWUhEaw,2025-10-11 00:00:00+00:00,0.18188839446933122,0,0.3886021596017176,0,0.7263995887753646,1
HVmbMWUhEaw,2025-10-12 00:00:00+00:00,0.18188839446933122,0,0.3886021596017176,0,0.7263995887753646,1
HVmbMWUhEaw,2025-10-13 00:00:00+00:00,0.5129437928302822,0,0.0010159179874258588,0,0.4902322562004229,1
HVmbMWUhEaw,2025-10-14 00:00:00+00:00,0.4765988830008857,1,0.00033268168154426735,0,0.6104203570880113,1
HVmbMWUhEaw,2025-10-15 00:00:00+00:00,0.8697261927094804,1,3.482416378574121e-08,0,0.07328315828608034,1
HVmbMWUhEaw,2025-10-16 00:00:00+00:00,0.7112366623703392,1,0.5904606224071471,0,0.728873370661611,1
HVmbMWUhEaw,2025-10-17 00:00:00+00:00,0.7122429616982626,1,0.5818654801745814,0,0.727685723191649,1
HVmbMWUhEaw,2025-10-18 00:00:00+00:00,0.7127435583796706,1,0.5775559305893447,0,0.727096462658147,1
HVmbMWUhEaw,2025-10-19 00:00:00+00:00,0.7112366623703392,1,0.5904606224071471,0,0.728873370661611,1
HVmbMWUhEaw,2025-10-20 00:00:00+00:00,0.7127435583796705,1,0.5775559305893447,0,0.727096462658147,1
HVmbMWUhEaw,2025-10-21 00:00:00+00:00,0.7102678661083198,1,0.5945683631223767,0,0.7294704719940349,1
HVmbMWUhEaw,2025-10-23 00:00:00+00:00,0.9347790529794515,1,5.040202319648817e-08,0,0.27906278609959306,1
HVmbMWUhEaw,2025-10-24 00:00:00+00:00,0.7055840422867143,1,0.5838131263286257,0,0.7282621707771775,1
HVmbMWUhEaw,2025-10-25 00:00:00+00:00,0.7050737396415364,1,0.588113734948928,0,0.7288575223647219,1
HVmbMWUhEaw,2025-10-26 00:00:00+00:00,0.7065995294751428,1,0.5751882967714842,0,0.7270805493865649,1
HVmbMWUhEaw,2025-10-27 00:00:00+00:00,0.7045617391198407,1,0.5924055468629719,0,0.7294558405574145,1
HVmbMWUhEaw,2025-10-28 00:00:00+00:00,0.7050737396415364,1,0.588113734948928,0,0.7288575223647219,1
HVmbMWUhEaw,2025-10-29 00:00:00+00:00,0.7799567110348922,0,0.04655681267776481,0,0.5684424920707545,1
HVmbMWUhEaw,2025-10-30 00:00:00+00:00,0.24097748098528987,0,0.43002069064937043,0,0.7283843340340522,1
HVmbMWUhEaw,2025-10-31 00:00:00+00:00,0.24187783842527602,0,0.42134879093933025,0,0.7271877047481677,1
HVmbMWUhEaw,2025-11-01 00:00:00+00:00,0.2414278943133191,0,0.4256766882978038,0,0.7277845304721143,1
HVmbMWUhEaw,2025-11-02 00:00:00+00:00,0.24277627037273353,0,0.41274381732238186,0,0.7260031690003433,1
HVmbMWUhEaw,2025-11-04 00:00:00+00:00,0.44082242569557784,0,0.0040696237044026895,0,0.5212073116592661,1
HVmbMWUhEaw,2025-11-05 00:00:00+00:00,0.302321130434334,0,0.43213685659279116,0,0.7255755830812095,1
HVmbMWUhEaw,2025-11-06 00:00:00+00:00,0.29154200075598957,0,0.43708880208669726,0,0.726728538544887,1
HVmbMWUhEaw,2025-11-07 00:00:00+00:00,0.29052997364832317,0,0.4458255734337357,0,0.7279187997226447,1
HVmbMWUhEaw,2025-11-08 00:00:00+00:00,0.29355783017862475,0,0.4197939984172499,0,0.7243851765288293,1
HVmbMWUhEaw,2025-11-09 00:00:00+00:00,0.2900229778459359,0,0.45021400913923737,0,0.7285184177934051,1
HVmbMWUhEaw,2025-11-10 00:00:00+00:00,0.29052997364832317,0,0.4458255734337357,0,0.7279187997226447,0
HVmbMWUhEaw,2025-11-13 00:00:00+00:00,0.4840120201803682,0,0.004014649115941558,0,0.5619412395295852,1
HVmbMWUhEaw,2025-11-14 00:00:00+00:00,0.31811750478799494,0,0.4517301299431255,0,0.7273903781286972,1
HVmbMWUhEaw,2025-11-16 00:00:00+00:00,0.31705203927308623,0,0.4605296710750365,0,0.7285864502345207,1
HVmbMWUhEaw,2025-11-18 00:00:00+00:00,0.3175851493900783,0,0.45612410538136067,0,0.7279869263214351,1
HVmbMWUhEaw,2025-11-19 00:00:00+00:00,0.3202391080672592,0,0.4342836899820472,0,0.7250348481150755,1
HVmbMWUhEaw,2025-11-20 00:00:00+00:00,0.3175851493900783,0,0.45612410538136067,0,0.7279869263214351,0
HVmbMWUhEaw,2025-11-21 00:00:00+00:00,0.986976262748521,1,4.832044225915462e-11,0,0.06949293102064244,1
HVmbMWUhEaw,2025-11-22 00:00:00+00:00,0.9128324684124739,1,0.6898602307383713,0,0.7284537090782177,1
HVmbMWUhEaw,2025-11-23 00:00:00+00:00,0.9130267210597786,1,0.6860632062385256,0,0.7278654889044492,1
HVmbMWUhEaw,2025-11-25 00:00:00+00:00,0.9124414053247876,1,0.6973899581423691,0,0.7296392515513765,1
HVmbMWUhEaw,2025-11-26 00:00:00+00:00,0.9130267210597786,1,0.6860632062385256,0,0.7278654889044492,1
HVmbMWUhEaw,2025-11-27 00:00:00+00:00,0.9126373631688098,1,0.6936359631117655,0,0.7290449783210705,1
HVmbMWUhEaw,2025-11-28 00:00:00+00:00,0.9122445949513257,0,0.7011217812503217,1,0.7302364831934665,1
HVmbMWUhEaw,2025-11-29 00:00:00+00:00,0.18115967365294824,0,0.3970533695582803,0,0.7275907456612847,0
HVmbMWUhEaw,2025-11-30 00:00:00+00:00,0.9999996677493386,1,1.5826634491722655e-18,0,0.6846582642469684,1
HVmbMWUhEaw,2025-12-01 00:00:00+00:00,0.9997150858995538,0,0.9375325969665586,0,0.73212393047612,0
HVmbMWUhEaw,2025-12-02 00:00:00+00:00,0.9999742676266599,1,6.664754718857128e-07,0,0.568983100745874,1
HVmbMWUhEaw,2025-12-03 00:00:00+00:00,0.9997170178015601,1,0.9376620761061106,0,0.7321275198571222,1
HVmbMWUhEaw,2025-12-04 00:00:00+00:00,0.9997163223484826,1,0.9386902222448209,0,0.7327175109339584,1
HVmbMWUhEaw,2025-12-05 00:00:00+00:00,0.999719084248007,1,0.934487434392767,0,0.7303755546908438,1
HVmbMWUhEaw,2025-12-06 00:00:00+00:00,0.9998463061557817,1,0.017079120703269026,0,0.49609945314746506,1
HVmbMWUhEaw,2025-12-07 00:00:00+00:00,0.8384550792125001,1,0.6517613340150867,0,0.7298683664170006,1
HVmbMWUhEaw,2025-12-08 00:00:00+00:00,0.8387881332562418,0,0.6477228598502078,0,0.7292706219443369,1
HVmbMWUhEaw,2025-12-09 00:00:00+00:00,0.3330742988819491,1,0.4572220774607489,0,0.7274267042610333,1
HVmbMWUhEaw,2025-12-10 00:00:00+00:00,0.9352664598316723,1,5.0533677180563457e-08,0,0.27906712663530725,1
HVmbMWUhEaw,2025-12-11 00:00:00+00:00,0.70724784622879,1,0.5844468304224255,0,0.7282664402829835,1
HVmbMWUhEaw,2025-12-12 00:00:00+00:00,0.7077547610943768,1,0.580139961132247,0,0.7276741067433287,1
HVmbMWUhEaw,2025-12-13 00:00:00+00:00,0.7055840422867149,1,0.5838131263286259,0,0.7282621707771775,1
HVmbMWUhEaw,2025-12-14 00:00:00+00:00,0.7045617391198412,1,0.5924055468629721,0,0.7294558405574145,1
HVmbMWUhEaw,2025-12-15 00:00:00+00:00,0.7045617391198412,1,0.5924055468629721,0,0.7294558405574145,1
HVmbMWUhEaw,2025-12-16 00:00:00+00:00,0.7045617391198412,1,0.5924055468629721,0,0.7294558405574145,1
HVmbMWUhEaw,2025-12-18 00:00:00+00:00,0.9347790529794517,1,5.040202319648817e-08,0,0.27906278609959306,1
HVmbMWUhEaw,2025-12-19 00:00:00+00:00,0.7050737396415369,1,0.5881137349489283,0,0.7288575223647219,1
HVmbMWUhEaw,2025-12-20 00:00:00+00:00,0.7065995294751434,1,0.5751882967714843,0,0.7270805493865649,1
HVmbMWUhEaw,2025-12-21 00:00:00+00:00,0.7060926408859491,1,0.5795044146070907,0,0.7276698314109322,1
HVmbMWUhEaw,2025-12-22 00:00:00+00:00,0.7055840422867149,1,0.5838131263286259,0,0.7282621707771775,1
HVmbMWUhEaw,2025-12-23 00:00:00+00:00,0.7050737396415369,1,0.5881137349489283,0,0.7288575223647219,1
HVmbMWUhEaw,2025-12-24 00:00:00+00:00,0.7055840422867149,0,0.5838131263286259,1,0.7282621707771775,1
HVmbMWUhEaw,2025-12-25 00:00:00+00:00,0.18079490013422134,0,0.40130937755565194,0,0.7281908167421501,1
HVmbMWUhEaw,2025-12-26 00:00:00+00:00,0.18115967365294824,0,0.3970533695582803,0,0.7275907456612847,0
Qr2fHs9OYVo,2025-12-22 00:00:00+00:00,0.18115967365294824,0,0.3970533695582803,0,0.7275907456612847,0
Qr2fHs9OYVo,2025-12-23 00:00:00+00:00,0.2526508008950306,0,3.943049712288192e-06,0,0.1079646435394405,0
X1M9NUrZjeo,2025-12-27 00:00:00+00:00,0.2808211246606443,0,3.0131606081765574e-08,0,0.03409648251864993,0
X1M9NUrZjeo,2025-12-28 00:00:00+00:00,0.2407911097247511,0,3.673759704419178e-08,0,0.029001753978659454,0
au2MTlth520,2025-10-19 00:00:00+00:00,0.5829476404710794,0,4.241595893697597e-14,0,0.04974647808501449,0
au2MTlth520,2025-10-20 00:00:00+00:00,0.15372435114111774,1,8.088689805043844e-06,0,0.04778107962883766,1
au2MTlth520,2025-10-21 00:00:00+00:00,0.9995504563719366,1,0.39468885030117157,0,0.14181076995591682,1
au2MTlth520,2025-10-22 00:00:00+00:00,0.9995849341474534,1,0.9237141402132105,0,0.7290130273908771,1
au2MTlth520,2025-10-23 00:00:00+00:00,0.9999799375365348,1,7.144379789354166e-07,0,0.28349580399656377,1
au2MTlth520,2025-10-24 00:00:00+00:00,0.9998561849169952,0,5.86374672079551e-05,0,0.11083885075017279,0
au2MTlth520,2025-10-25 00:00:00+00:00,0.9999894210046,1,9.374116201965749e-07,0,0.6200527949890201,1
au2MTlth520,2025-11-02 00:00:00+00:00,0.9819410250351965,1,0.7947139766963744,0,0.7299204152149217,1
au2MTlth520,2025-11-13 00:00:00+00:00,0.9167015287388383,1,0.7011192254631987,0,0.7296681818563129,1
au2MTlth520,2025-12-26 00:00:00+00:00,0.9197120655805774,0,0.7076949052132497,0,0.73028791262888,0
aujfxCKjGn4,2025-12-20 00:00:00+00:00,0.37035258944023713,0,1.8684972526982692e-09,0,0.03708388748908769,0
aujfxCKjGn4,2025-12-21 00:00:00+00:00,0.26377087236676805,0,3.188476131425308e-08,0,0.030090130327257398,0
aujfxCKjGn4,2025-12-22 00:00:00+00:00,0.9987307532122927,1,4.521484775555549e-13,0,0.0076359646562470795,1
aujfxCKjGn4,2025-12-23 00:00:00+00:00,0.9981480621611885,1,1.6393422153291724e-07,0,0.2810294446300735,1
aujfxCKjGn4,2025-12-24 00:00:00+00:00,0.9976975692628341,1,0.0024645650695226716,0,0.6143558306236112,1
aujfxCKjGn4,2025-12-26 00:00:00+00:00,0.9987460290116225,0,1.8613069043642788e-07,0,0.28124168774391956,0
cCDMn01jd30,2025-10-04 00:00:00+00:00,0.0895417483677042,0,0.005876431747167919,0,0.07813379505399756,0
cCDMn01jd30,2025-10-05 00:00:00+00:00,0.36578860058834006,0,1.4837687430336578e-10,0,0.05921716752700856,0
cCDMn01jd30,2025-10-06 00:00:00+00:00,0.9496017138279634,0,0.011103075744301806,0,0.12971950368752236,0
cCDMn01jd30,2025-10-07 00:00:00+00:00,0.9215768490507094,1,0.137066380092455,0,0.25317111411044235,1
cCDMn01jd30,2025-10-08 00:00:00+00:00,0.9308967832983542,1,0.3303708488348766,0,0.6548940081795137,1
cCDMn01jd30,2025-10-09 00:00:00+00:00,0.8964330576798423,1,0.6517966319394536,0,0.7248616795791165,1
cCDMn01jd30,2025-10-10 00:00:00+00:00,0.874260275533876,1,0.6269231017311561,0,0.7236063420720514,1
cCDMn01jd30,2025-10-11 00:00:00+00:00,0.9293219491492867,0,0.024831713104584728,0,0.5428005602903665,1
cCDMn01jd30,2025-10-12 00:00:00+00:00,0.28912200839012503,0,0.4452760846523929,0,0.7279151563331769,1
cCDMn01jd30,2025-10-13 00:00:00+00:00,0.27535391485856653,0,0.4352643912566888,0,0.7272809445925519,1
cCDMn01jd30,2025-10-14 00:00:00+00:00,0.2670184598820129,0,0.4410140102320451,0,0.728457497275878,1
cCDMn01jd30,2025-10-16 00:00:00+00:00,0.26689425937398864,0,0.43639643460940913,0,0.7278561459004179,1
cCDMn01jd30,2025-10-17 00:00:00+00:00,0.26689425937398864,0,0.43639643460940913,0,0.7278561459004179,1
cCDMn01jd30,2025-10-18 00:00:00+00:00,0.26689425937398864,0,0.43639643460940913,0,0.7278561459004179,1
cCDMn01jd30,2025-10-19 00:00:00+00:00,0.18188839446933122,0,0.3886021596017176,0,0.7263995887753646,1
cCDMn01jd30,2025-10-20 00:00:00+00:00,0.18225232151584278,0,0.3844080651886666,0,0.7258085938337421,1
cCDMn01jd30,2025-10-21 00:00:00+00:00,0.18479080015677246,0,0.3556855478678995,0,0.7217612849390233,1
cCDMn01jd30,2025-10-22 00:00:00+00:00,0.18406722619036683,0,0.3637735450966447,0,0.7229012223677278,1
cCDMn01jd30,2025-10-23 00:00:00+00:00,0.18261594629389283,0,0.38023569229121157,0,0.7252207142717904,1
cCDMn01jd30,2025-10-24 00:00:00+00:00,0.18188839446933122,0,0.3886021596017176,0,0.7263995887753646,1
cCDMn01jd30,2025-10-25 00:00:00+00:00,0.18152417515313737,0,0.39281744328237816,0,0.7269936544454421,1
cCDMn01jd30,2025-10-26 00:00:00+00:00,0.18152417515313737,0,0.39281744328237816,0,0.7269936544454421,1
cCDMn01jd30,2025-10-27 00:00:00+00:00,0.18079490013422134,0,0.40130937755565194,0,0.7281908167421501,1
cCDMn01jd30,2025-10-28 00:00:00+00:00,0.18334224952712913,0,0.3719581667101822,0,0.724054477033399,1
cCDMn01jd30,2025-10-29 00:00:00+00:00,0.18188839446933122,0,0.3886021596017176,0,0.7263995887753646,1
cCDMn01jd30,2025-10-30 00:00:00+00:00,0.18115967365294824,0,0.3970533695582803,0,0.7275907456612847,1
cCDMn01jd30,2025-11-01 00:00:00+00:00,0.18079490013422134,0,0.40130937755565194,0,0.7281908167421501,1
cCDMn01jd30,2025-11-09 00:00:00+00:00,0.18079490013422134,0,0.40130937755565194,0,0.7281908167421501,1
cCDMn01jd30,2025-11-12 00:00:00+00:00,0.18079490013422134,0,0.40130937755565194,0,0.7281908167421501,1
cCDMn01jd30,2025-11-16 00:00:00+00:00,0.18079490013422134,0,0.40130937755565194,0,0.7281908167421501,1
cCDMn01jd30,2025-11-23 00:00:00+00:00,0.18115967365294824,0,0.3970533695582803,0,0.7275907456612847,1
cCDMn01jd30,2025-11-24 00:00:00+00:00,0.18079490013422134,0,0.40130937755565194,0,0.7281908167421501,1
cCDMn01jd30,2025-11-25 00:00:00+00:00,0.18079490013422134,0,0.40130937755565194,0,0.7281908167421501,1
cCDMn01jd30,2025-12-09 00:00:00+00:00,0.18079490013422134,0,0.40130937755565194,0,0.7281908167421501,1
cCDMn01jd30,2025-12-11 00:00:00+00:00,0.18079490013422134,0,0.40130937755565194,0,0.7281908167421501,1
cCDMn01jd30,2025-12-17 00:00:00+00:00,0.18079490013422134,0,0.40130937755565194,0,0.7281908167421501,1
cCDMn01jd30,2025-12-19 00:00:00+00:00,0.18079490013422134,0,0.40130937755565194,0,0.7281908167421501,1
cCDMn01jd30,2025-12-23 00:00:00+00:00,0.18115967365294824,0,0.3970533695582803,0,0.7275907456612847,0
jdXIs85Ts2s,2025-12-20 00:00:00+00:00,0.23889520846124288,0,2.23538012379991e-07,0,0.0414881000477176,0
jdXIs85Ts2s,2025-12-21 00:00:00+00:00,0.3178846379924182,1,1.2065141444785805e-08,0,0.04153868952086543,1
jdXIs85Ts2s,2025-12-22 00:00:00+00:00,0.9684474451777525,1,0.08968493454046556,0,0.5698660023510145,1
jdXIs85Ts2s,2025-12-23 00:00:00+00:00,0.9898410151905663,1,9.399756429356166e-08,0,0.2801009581432342,1
jdXIs85Ts2s,2025-12-24 00:00:00+00:00,0.9565978267042256,0,0.7497006107487612,0,0.7306344219693649,0
rL7R8Flr19w,2025-11-25 00:00:00+00:00,0.5399458512384637,0,1.2366575287143614e-13,0,0.053578579834844126,0
rL7R8Flr19w,2025-11-26 00:00:00+00:00,0.1233409627249876,1,0.0006873694194994381,0,0.0821690759663601,1
rL7R8Flr19w,2025-11-27 00:00:00+00:00,0.9953269385114024,1,0.14869066587898339,0,0.13447097885947276,1
rL7R8Flr19w,2025-11-28 00:00:00+00:00,0.9956631291979001,0,0.38987245077360794,0,0.6206960936158261,0
rL7R8Flr19w,2025-11-29 00:00:00+00:00,0.9926349295464737,1,0.0004269685735972242,0,0.07593391754425863,1
rL7R8Flr19w,2025-11-30 00:00:00+00:00,0.9905800374342426,1,0.8327329020492638,0,0.7314606437541881,1
rL7R8Flr19w,2025-12-01 00:00:00+00:00,0.9992926014638884,1,2.2425383741195382e-07,0,0.2815532990207021,1
rL7R8Flr19w,2025-12-03 00:00:00+00:00,0.7643116705007876,1,0.6119017953775616,0,0.7290195284428305,1
rL7R8Flr19w,2025-12-09 00:00:00+00:00,0.7232172648321351,1,0.599558642484314,0,0.72950432519818,1
rL7R8Flr19w,2025-12-12 00:00:00+00:00,0.7330912927428349,1,0.6034468970180151,0,0.7295307974979843,1
rL7R8Flr19w,2025-12-17 00:00:00+00:00,0.7411226575246551,0,0.606667550199474,0,0.7295527906745393,0
vvEBsZ-WQkQ,2025-12-27 00:00:00+00:00,0.2844691985953529,0,0.0005759346967358504,0,0.3846623859321749,0
vvEBsZ-WQkQ,2025-12-28 00:00:00+00:00,0.538271089261059,0,5.510619470782734e-12,0,0.027339946943276985,0
